"alk_lab","sample_id","run_by","experiment","unit_id","unit","unit_number","water_source","water_type","sample_set","replicate_num","time_collect","date_collected","date_run","file_name","salinity","sample_wt","alkalinity","ref_value","quality_flag","notes","time_collected","alk_sal_slope","alk_sal_intercept","alk_sal_est","treatment_name"
"nwfsc_oa","low_CO2_01","dp",NA,"chamber_1","chamber","1","bottle","std_seawater","experiment",1,NA,2020-03-18,2023-09-11,"20230911 low_CO2_01 1a",30.05,85.9,3115.99,NA,1,"nothing too out of place on the readout. one bottle for all three low CO2 chambers",NA,110.925,-183.27,3150.02625,NA
"nwfsc_oa","low_CO2_02","dp",NA,"chamber_5","chamber","5","bottle","std_seawater","experiment",2,NA,2020-03-18,2023-09-11,"20230911 low_CO2_02 1b",30.05,95.4,3109.45,NA,1,"one bottle for all three low CO2 chambers",NA,110.925,-183.27,3150.02625,NA
"nwfsc_oa","low_CO2_03","dp",NA,"chamber_8","chamber","8","bottle","std_seawater","experiment",3,NA,2020-03-18,2023-09-11,"20230911 low_CO2_03 1c",30.05,86.9,3109.73,NA,1,"one bottle for all three low CO2 chambers",NA,110.925,-183.27,3150.02625,NA
"nwfsc_oa","low_CO2_04","dp",NA,"chamber_8","chamber","8","bottle","std_seawater","experiment",4,NA,2020-03-18,2023-09-11,"20230911 low_CO2_04 1d",30.05,87.9,3108.3,NA,1,"one bottle for all three medium CO2 chambers",NA,110.925,-183.27,3150.02625,NA
"nwfsc_oa","med_CO2_01","dp",NA,"chamber_3","chamber","3","bottle","std_seawater","experiment",1,NA,2020-03-18,2023-09-11,"20230911 med_CO2_01 2a",30.05,85.7,3106.31,NA,1,"one bottle for all three medium CO2 chambers",NA,110.925,-183.27,3150.02625,NA
"nwfsc_oa","med_CO2_02","dp",NA,"chamber_6","chamber","6","bottle","std_seawater","experiment",2,NA,2020-03-18,2023-09-11,"20230911 med_CO2_02 2b",30.05,88.5,3104.67,NA,1,"one bottle for all three medium CO2 chambers",NA,110.925,-183.27,3150.02625,NA
"nwfsc_oa","med_CO2_03","dp",NA,"chamber_9","chamber","9","bottle","std_seawater","experiment",3,NA,2020-03-18,2023-09-11,"20230911  med_CO2_03 2c",30.05,90.6,3108.49,NA,1,"one bottle for all three medium CO2 chambers",NA,110.925,-183.27,3150.02625,NA
"nwfsc_oa","med_CO2_04","dp",NA,"chamber_9","chamber","9","bottle","std_seawater","experiment",4,NA,2020-03-18,2023-09-11,"20230911  med_CO2_04 2d",30.05,88.8,3108.34,NA,1,"one bottle for all three medium CO2 chambers",NA,110.925,-183.27,3150.02625,NA
"nwfsc_oa","med_CO2_02","dp",NA,"chamber_7","chamber","7","bottle","std_seawater","experiment",2,NA,2020-03-18,2023-09-11,"20230911 high_CO2_02 3b",30.05,91,3115.46,NA,1,"a little bit less wonky. one bottle for all three highCO2 chambers",NA,110.925,-183.27,3150.02625,NA
"nwfsc_oa","med_CO2_03","dp",NA,"chamber_10","chamber","10","bottle","std_seawater","experiment",3,NA,2020-03-18,2023-09-11,"20230911 high_CO2_03 3c",30.05,86.1,3114.06,NA,1,"one bottle for all three highCO2 chambers",NA,110.925,-183.27,3150.02625,NA
